<?xml version="1.0" encoding="utf-8"?>
<phrases>
  <phrase title="admin_navigation.addonLog" version_id="1000000" version_string="1.0.0"><![CDATA[Add-on Log]]></phrase>
  <phrase title="option.wualIgnoreAddOns" version_id="1000270" version_string="1.0.2"><![CDATA[Global Ignore Add-ons]]></phrase>
  <phrase title="option.wualLinkSiteUpdatesFooter" version_id="1000270" version_string="1.0.2"><![CDATA[Add Link to Footer for Add-on Updates]]></phrase>
  <phrase title="option.wualThreadAddonUpdate" version_id="1000270" version_string="1.0.2"><![CDATA[Post Updates to Forum]]></phrase>
  <phrase title="option.wualUser" version_id="1000270" version_string="1.0.2"><![CDATA[Post as User]]></phrase>
  <phrase title="option_explain.wualIgnoreAddOns" version_id="1000270" version_string="1.0.2"><![CDATA[Add full namespaces to ignore specific addons (example: Wutime/AddonLog).  One per line.]]></phrase>
  <phrase title="option_explain.wualLinkSiteUpdatesFooter" version_id="1000270" version_string="1.0.2"><![CDATA[If the user has permission to view add-on updates add a link to the footer]]></phrase>
  <phrase title="option_explain.wualThreadAddonUpdate" version_id="1000270" version_string="1.0.2"><![CDATA[]]></phrase>
  <phrase title="option_explain.wualUser" version_id="1000270" version_string="1.0.2"><![CDATA[This will override the actual user that did the addon action]]></phrase>
  <phrase title="option_group.wual" version_id="1000270" version_string="1.0.2"><![CDATA[[Wutime] Addon Log]]></phrase>
  <phrase title="option_group_description.wual" version_id="1000270" version_string="1.0.2"><![CDATA[Log add-on installs, upgrades, rebuilds and uninstalls.]]></phrase>
  <phrase title="permission.general_viewAddonUpdates" version_id="1000270" version_string="1.0.2"><![CDATA[View Add-on Updates]]></phrase>
  <phrase title="silence_is_golden" version_id="1000270" version_string="1.0.2"><![CDATA[Silence is golden]]></phrase>
  <phrase title="wual_addon_updates" version_id="1000270" version_string="1.0.2"><![CDATA[Add-on Updates]]></phrase>
  <phrase title="wual_events_to_post" version_id="1000270" version_string="1.0.2"><![CDATA[Events to post]]></phrase>
  <phrase title="wual_events_to_post_explain" version_id="1000270" version_string="1.0.2"><![CDATA[These are the add-on event types you want posted to your forum.]]></phrase>
  <phrase title="wual_ignore_addons" version_id="1000270" version_string="1.0.2"><![CDATA[Do not post for these add-ons]]></phrase>
  <phrase title="wual_invalid_addon_format" version_id="1000270" version_string="1.0.2"><![CDATA[<p>Please enter valid namespaces, one per line.</p>
<p>Example:</p>
<code>Wutime/AddonLog<br/>SV/RedisCache</code>]]></phrase>
  <phrase title="wual_log_thread_title" version_id="1010270" version_string="1.1.2"><![CDATA[{title} [{type}]]]></phrase>
  <phrase title="wual_new_version" version_id="1000270" version_string="1.0.2"><![CDATA[New version]]></phrase>
  <phrase title="wual_please_select_at_least_one_event" version_id="1000270" version_string="1.0.2"><![CDATA[Please choose at least one event to post.]]></phrase>
  <phrase title="wual_please_specify_valid_forum" version_id="1000270" version_string="1.0.2"><![CDATA[Please specify a valid forum for add-on updates.]]></phrase>
  <phrase title="wual_post_addon_update_to_forum" version_id="1000270" version_string="1.0.2"><![CDATA[Post add-on updates to forum]]></phrase>
  <phrase title="wual_previous_version" version_id="1000270" version_string="1.0.2"><![CDATA[Previous version]]></phrase>
  <phrase title="wutime_addonlog_logs" version_id="1000000" version_string="1.0.0"><![CDATA[Add-on logs]]></phrase>
</phrases>
