<?xml version="1.0" encoding="utf-8"?>
<templates>
  <template type="admin" title="wutime_addonlog_log_list" version_id="1000000" version_string="1.0.0"><![CDATA[<xf:title>{{ phrase('wutime_addonlog_logs') }}</xf:title>
<xf:page option="wutime_addonlog_logs" />

<xf:macro name="log_row" arg-log="!">
    <tr class="dataList-row">
        <td class="dataList-cell">{{ $log.addon_id }}</td>
        <td class="dataList-cell">{{ $log.title }}</td>
        <td class="dataList-cell">
            <xf:if is="$log.type == 'install'">
                {{ phrase('install') }}
            <xf:elseif is="$log.type == 'upgrade'" />
                {{ phrase('upgrade') }}
            <xf:elseif is="$log.type == 'delete'" />
                {{ phrase('delete') }}
            <xf:elseif is="$log.type == 'enable'" />
                {{ phrase('enable') }}
            <xf:elseif is="$log.type == 'disable'" />
                {{ phrase('disable') }}
            <xf:else />
                {{ $log.type }}
            </xf:if>
        </td>
        <td class="dataList-cell"><xf:date time="{$log.log_date}" /></td>
        <td class="dataList-cell">
            <xf:if is="$log.User">
                <a href="{{ link('users/edit', $log.User) }}">{{ $log.User.username }}</a>
            <xf:else />
                {{ phrase('guest') }}
            </xf:if>
        </td>
    </tr>
</xf:macro>

<xf:css>
.dataList-cell { padding: 5px 10px; }
</xf:css>

<div class="block">
    <div class="block-container">
        <div class="block-body">
            <xf:datalist data-xf-init="responsive-data-list">
                <tr class="dataList-row dataList-row--header">
                    <th class="dataList-cell">Add-on ID</th>
                    <th class="dataList-cell">Title</th>
                    <th class="dataList-cell">Type</th>
                    <th class="dataList-cell">Date</th>
                    <th class="dataList-cell">User</th>
                </tr>
                <xf:foreach loop="$logs" value="$log">
                    <xf:macro name="log_row" arg-log="{$log}" />
                </xf:foreach>
            </xf:datalist>
        </div>
    </div>
</div>]]></template>
</templates>
