{
    "src/addons/Wutime/AddonLog/addon.json": "3fbfd4d2899f2178fd08ad27afb65b07dfda75fa6960fdfddc159223bc4317cc",
    "src/addons/Wutime/AddonLog/addonlog.png": "43400fa5c5e95e0f0185a9ea0994c469dace86601896846db6747b162dd773a5",
    "src/addons/Wutime/AddonLog/Admin/Controller/Log.php": "f9a71b783c177e38be6468edf2d89aaef695c0ff2fa9ce987d368cd959c80425",
    "src/addons/Wutime/AddonLog/Entity/Log.php": "c154ba30a0f2bbd3994bdbd4ad28134acc36d9eb442329471f6135364f7984a7",
    "src/addons/Wutime/AddonLog/Listener.php": "3e33958b32471bddd0fe487fedc8950e5e9cf30b0526213ee2c235f586ccc795",
    "src/addons/Wutime/AddonLog/opt/homebrew/var/www/xf-current/cmd.php": "bfb376075435890c11a1e8bc88357d51c60df4b2ac69efda52357ce707ddf52b",
    "src/addons/Wutime/AddonLog/Option/AddonThreadAction.php": "990e948219458283f21d9e6bf656dfe995f9f66bc5f6870ba811277567680d97",
    "src/addons/Wutime/AddonLog/Option/IgnoreAddOns.php": "27bd3fd15605c564295f02a766bf0ebf0fc8dbe7defc138836eb71ea1dff3a90",
    "src/addons/Wutime/AddonLog/Pub/Controller/Updates.php": "88ddc1654ef8e33f8f187131b85ad3907b677d6c177f3d36d507cc080e07719c",
    "src/addons/Wutime/AddonLog/README.md": "d817700c4330ba0b9d7d698a9ffd679ce04ee0836ec604ca1b3756959008af86",
    "src/addons/Wutime/AddonLog/Repository/Log.php": "e516cc4b832adde8e9bf122942e2b9416600a34e748590876258a8eed3384d94",
    "src/addons/Wutime/AddonLog/Setup.php": "439a2aa0e354e000dacf87a3172aa4d498d97ef8c05f13bec7a34d14bdbece21",
    "src/addons/Wutime/AddonLog/_data/activity_summary_definitions.xml": "99d8c2563a31320d66f958fc8bda78613545f5f7959bb3cf5318805e3a3c39d2",
    "src/addons/Wutime/AddonLog/_data/admin_navigation.xml": "2789b593e84f674f345e10c83a4b82bada31be83c80666b583a8429b583312fd",
    "src/addons/Wutime/AddonLog/_data/admin_permission.xml": "ec6fb97cebf0bceb24f1ed1d5778c1db54eeb7535fbb3e31d824840e7aa9ff87",
    "src/addons/Wutime/AddonLog/_data/advertising_positions.xml": "d2f7cbe844bb1df3cf878d22ff6306249245c8ff6b0b87b9b729744bec538261",
    "src/addons/Wutime/AddonLog/_data/api_scopes.xml": "6793eaf758f140e8137187ba20e65f4faccf53410433ae3ad7a8b3b38cb6b3b7",
    "src/addons/Wutime/AddonLog/_data/bb_codes.xml": "faa4ddd5f4a365e5ac39aebdcbe2d25aedf74e7eb9ea4a812766e2fd5e13bdb1",
    "src/addons/Wutime/AddonLog/_data/bb_code_media_sites.xml": "29762987990187b33e43cfb68c08dc917b2d3f0176613d78f8e6c453f82da3f3",
    "src/addons/Wutime/AddonLog/_data/class_extensions.xml": "1f548b8006e9952a3f5889f71e09fdfa6726ac1a47c1af7b2626d1a88920d5a4",
    "src/addons/Wutime/AddonLog/_data/code_events.xml": "8370dec3df47f91df4cf79da253446ad11b29f4ea568fe76c774e97a0379f0eb",
    "src/addons/Wutime/AddonLog/_data/code_event_listeners.xml": "14fa9610be82f6a9c82e14480826854d17c285d2610d3052036e373d9b65bdaf",
    "src/addons/Wutime/AddonLog/_data/content_type_fields.xml": "c7ad5472b28f465b7ac7617627707eba1b7a39d28089460d52e1ed292fc0b06a",
    "src/addons/Wutime/AddonLog/_data/cron.xml": "323c4284742ef24329cd6db6f288eb9736d2353f36852e1db12591e1583aea26",
    "src/addons/Wutime/AddonLog/_data/help_pages.xml": "a8a0c0b06cdc550438bc8a8d385af3e1e5ab3459877dfb934c1c31be59c89163",
    "src/addons/Wutime/AddonLog/_data/member_stats.xml": "89fb2b93ff1eca7a1f6f752248edf6090dfd24037db1446fd18ff7143f08124d",
    "src/addons/Wutime/AddonLog/_data/navigation.xml": "f75e1c03a45a360bbdfcd0567121665082315068475d5b0feb8b1acbb1688651",
    "src/addons/Wutime/AddonLog/_data/options.xml": "9c66c13707702d4e2adbac975396bd85bac1260cafbe3640b61b60ec8b94a86a",
    "src/addons/Wutime/AddonLog/_data/option_groups.xml": "0d501a38f467ece652233fc5271dc2b89a632c877330c7b40cb65a84e685f024",
    "src/addons/Wutime/AddonLog/_data/permissions.xml": "cf164323230c903207cf68f3e38341502ce069f8e860eea263de25bfad7948ef",
    "src/addons/Wutime/AddonLog/_data/permission_interface_groups.xml": "3177224e96458b829aa7fb24866dda9e0455a4922aee3d669b53f59a1ffdf5d1",
    "src/addons/Wutime/AddonLog/_data/phrases.xml": "76aad265f25c55185ae4fca5b8715d1d0a97f61412ee7c36084eaf475e407773",
    "src/addons/Wutime/AddonLog/_data/routes.xml": "9bfaf313f97c657de6d646fc75b28f275fe6d0d4502c6d59047ccccc21899833",
    "src/addons/Wutime/AddonLog/_data/style_properties.xml": "8b8690a8512f01f219dd2da76e3d0c5f62afc1f317b87794a7331c859c36a7a8",
    "src/addons/Wutime/AddonLog/_data/style_property_groups.xml": "68e1879cb3846c42d978487aa8d5145ff3335fc39e58016878824d5cf3fd684c",
    "src/addons/Wutime/AddonLog/_data/templates.xml": "e1e2e1d2079e9c4f123364a97ffa95e291158f17a8c4605e176ac3718bb8a904",
    "src/addons/Wutime/AddonLog/_data/template_modifications.xml": "0304013c92da13e645ab0a5728d1cad56abc6927ef3427b0a1a5944ae8e3be71",
    "src/addons/Wutime/AddonLog/_data/widget_definitions.xml": "37e46965256430f24004c2e7f08ba08f9b0d1cbcc4d70e84b3f4e3ffb713e64b",
    "src/addons/Wutime/AddonLog/_data/widget_positions.xml": "a29cee66134f6bc5d75ed9df1eef21096c24401915c5b5c774389c3d7bb2d5b3"
}