<?xml version="1.0" encoding="utf-8"?>
<options>
  <option option_id="wualIgnoreAddOns" edit_format="onofftextbox" data_type="array" validation_class="Wutime\AddonLog\Option\IgnoreAddOns" validation_method="verifyOption" advanced="0">
    <default_value>{"enabled":"0","addons":""}</default_value>
    <edit_format_params>onoff=enabled
value=addons
type=textarea
rows=3</edit_format_params>
    <sub_options>enabled
addons</sub_options>
    <relation group_id="wual" display_order="200"/>
  </option>
  <option option_id="wualLinkSiteUpdatesFooter" edit_format="onoff" data_type="boolean" advanced="0">
    <default_value>1</default_value>
    <relation group_id="wual" display_order="400"/>
  </option>
  <option option_id="wualThreadAddonUpdate" edit_format="callback" data_type="array" validation_class="Wutime\AddonLog\Option\AddonThreadAction" validation_method="verifyOption" advanced="0">
    <default_value>{"action":"thread","node_id":0,"events":{"install":1,"upgrade":1,"uninstall":1,"rebuild":0},"threadIgnoreAddons":"Wutime\/AdBlockTracker\nxenMade\/LAU","listIgnoreAddons":1}</default_value>
    <edit_format_params>Wutime\AddonLog\Option\AddonThreadAction::renderOption</edit_format_params>
    <sub_options>action
node_id
events
threadIgnoreAddons
listIgnoreAddons</sub_options>
    <relation group_id="wual" display_order="300"/>
  </option>
  <option option_id="wualUser" edit_format="username" data_type="integer" advanced="0">
    <default_value>0</default_value>
    <relation group_id="wual" display_order="350"/>
  </option>
</options>
