<?xml version="1.0" encoding="utf-8"?>
<template_modifications>
  <modification type="public" template="PAGE_CONTAINER" modification_key="wual_page_container" execution_order="10" enabled="1" action="str_replace">
    <find><![CDATA[<xf:if is="$xf.homePageUrl">]]></find>
    <replace><![CDATA[<xf:if is="$xf.options.wualLinkSiteUpdatesFooter && $xf.visitor.hasPermission('general', 'viewAddonUpdates')">
	<li><a href="{{ link('addon-updates') }}">{{ phrase('wual_addon_updates') }}</a></li>
</xf:if>

$0]]></replace>
  </modification>
</template_modifications>
