{
    "src/addons/Wutime/AddonLog/addon.json": "2a85aeee43c391c0cc42604bca2b496d805d6baceb88d8c95ba7cb1e1af7eb03",
    "src/addons/Wutime/AddonLog/addonlog.png": "43400fa5c5e95e0f0185a9ea0994c469dace86601896846db6747b162dd773a5",
    "src/addons/Wutime/AddonLog/Admin/Controller/Log.php": "3eac5a79bb327a7bebad9c8777d6f9f168bc336f306444f49316b2745883cedf",
    "src/addons/Wutime/AddonLog/Entity/Log.php": "0ea67ba5ddf45276767d87d1b99153f63ba976832819a4bd005351f36c24fdf8",
    "src/addons/Wutime/AddonLog/Listener.php": "61d5f8e5b8d3115c21e716c5858addb2f04170f99f69e3635cf8ebc2e5ef657d",
    "src/addons/Wutime/AddonLog/opt/homebrew/var/www/xf-current/cmd.php": "bfb376075435890c11a1e8bc88357d51c60df4b2ac69efda52357ce707ddf52b",
    "src/addons/Wutime/AddonLog/README.md": "d817700c4330ba0b9d7d698a9ffd679ce04ee0836ec604ca1b3756959008af86",
    "src/addons/Wutime/AddonLog/Repository/Log.php": "d36ff1d04b00b305a604d9797e028613ce9dc7df0e495f98a8a780d26a96ff25",
    "src/addons/Wutime/AddonLog/Setup.php": "99c30d648c29d732cc192b0d46d8e354f760865b94f9cd5d48e870d67cbec160",
    "src/addons/Wutime/AddonLog/_data/activity_summary_definitions.xml": "99d8c2563a31320d66f958fc8bda78613545f5f7959bb3cf5318805e3a3c39d2",
    "src/addons/Wutime/AddonLog/_data/admin_navigation.xml": "2789b593e84f674f345e10c83a4b82bada31be83c80666b583a8429b583312fd",
    "src/addons/Wutime/AddonLog/_data/admin_permission.xml": "ec6fb97cebf0bceb24f1ed1d5778c1db54eeb7535fbb3e31d824840e7aa9ff87",
    "src/addons/Wutime/AddonLog/_data/advertising_positions.xml": "d2f7cbe844bb1df3cf878d22ff6306249245c8ff6b0b87b9b729744bec538261",
    "src/addons/Wutime/AddonLog/_data/api_scopes.xml": "6793eaf758f140e8137187ba20e65f4faccf53410433ae3ad7a8b3b38cb6b3b7",
    "src/addons/Wutime/AddonLog/_data/bb_codes.xml": "faa4ddd5f4a365e5ac39aebdcbe2d25aedf74e7eb9ea4a812766e2fd5e13bdb1",
    "src/addons/Wutime/AddonLog/_data/bb_code_media_sites.xml": "29762987990187b33e43cfb68c08dc917b2d3f0176613d78f8e6c453f82da3f3",
    "src/addons/Wutime/AddonLog/_data/class_extensions.xml": "1f548b8006e9952a3f5889f71e09fdfa6726ac1a47c1af7b2626d1a88920d5a4",
    "src/addons/Wutime/AddonLog/_data/code_events.xml": "8370dec3df47f91df4cf79da253446ad11b29f4ea568fe76c774e97a0379f0eb",
    "src/addons/Wutime/AddonLog/_data/code_event_listeners.xml": "826768cceaf353cef762cdf3790d3241972e2cf084ca336ff605943e4ea295c1",
    "src/addons/Wutime/AddonLog/_data/content_type_fields.xml": "c7ad5472b28f465b7ac7617627707eba1b7a39d28089460d52e1ed292fc0b06a",
    "src/addons/Wutime/AddonLog/_data/cron.xml": "323c4284742ef24329cd6db6f288eb9736d2353f36852e1db12591e1583aea26",
    "src/addons/Wutime/AddonLog/_data/help_pages.xml": "a8a0c0b06cdc550438bc8a8d385af3e1e5ab3459877dfb934c1c31be59c89163",
    "src/addons/Wutime/AddonLog/_data/member_stats.xml": "89fb2b93ff1eca7a1f6f752248edf6090dfd24037db1446fd18ff7143f08124d",
    "src/addons/Wutime/AddonLog/_data/navigation.xml": "f75e1c03a45a360bbdfcd0567121665082315068475d5b0feb8b1acbb1688651",
    "src/addons/Wutime/AddonLog/_data/options.xml": "1cea29aa5671733d85c8fc6f7c66128eacbca5643cbb38585eb82002879b51a4",
    "src/addons/Wutime/AddonLog/_data/option_groups.xml": "154d7a89664b243d0bd8227c22e241f934bf7e196c83230ee23d3c0c4fba1333",
    "src/addons/Wutime/AddonLog/_data/permissions.xml": "7e4fc7d5826733d15ea2d8936b9bdd41afcaad810eb38e50da3c8d8eafda1550",
    "src/addons/Wutime/AddonLog/_data/permission_interface_groups.xml": "3177224e96458b829aa7fb24866dda9e0455a4922aee3d669b53f59a1ffdf5d1",
    "src/addons/Wutime/AddonLog/_data/phrases.xml": "c428f7ff04d7370147c958ff6d3e0d62d76aa2387d4985c550d619eebfd63550",
    "src/addons/Wutime/AddonLog/_data/routes.xml": "7760904f441ec6439b55c44ee7f74751c1f8a38b5aa70259cd6870243ad936fc",
    "src/addons/Wutime/AddonLog/_data/style_properties.xml": "8b8690a8512f01f219dd2da76e3d0c5f62afc1f317b87794a7331c859c36a7a8",
    "src/addons/Wutime/AddonLog/_data/style_property_groups.xml": "68e1879cb3846c42d978487aa8d5145ff3335fc39e58016878824d5cf3fd684c",
    "src/addons/Wutime/AddonLog/_data/templates.xml": "4c7d36cd96372533d0818376eb4896a3b43a68b465f151d42a5df981fc22e45c",
    "src/addons/Wutime/AddonLog/_data/template_modifications.xml": "3b54b7df00a6a4a18c5e012b6e2588e35c23aaa13a5fc227f08646a97590d778",
    "src/addons/Wutime/AddonLog/_data/widget_definitions.xml": "37e46965256430f24004c2e7f08ba08f9b0d1cbcc4d70e84b3f4e3ffb713e64b",
    "src/addons/Wutime/AddonLog/_data/widget_positions.xml": "a29cee66134f6bc5d75ed9df1eef21096c24401915c5b5c774389c3d7bb2d5b3"
}