{
    "src/addons/Wutime/AddonLog/addon.json": "fb03c68622af56e70ef80b823642d136e64aa4d0b5302d7bd123cc7931f4156a",
    "src/addons/Wutime/AddonLog/addonlog.png": "43400fa5c5e95e0f0185a9ea0994c469dace86601896846db6747b162dd773a5",
    "src/addons/Wutime/AddonLog/AddonLog.txt": "f10a0c8f5c352fad8701a490967dfc2f5bdc1a8255b1e8724643123a49980028",
    "src/addons/Wutime/AddonLog/addontxt.py": "32e56d23bf920437e49fdde2dd0238186019df96e9391455078f18b135f3107b",
    "src/addons/Wutime/AddonLog/Admin/Controller/Log.php": "0c21edec46a12f23541c8b7ee78ba3c3e5883c4d289dd1ddedaa5b96512347f9",
    "src/addons/Wutime/AddonLog/changelog.txt": "f2fe3f387e5456d64883d2b43d9cd1efcdcbe4a068e38654641fb9738a0bb20a",
    "src/addons/Wutime/AddonLog/Entity/Log.php": "c154ba30a0f2bbd3994bdbd4ad28134acc36d9eb442329471f6135364f7984a7",
    "src/addons/Wutime/AddonLog/Listener.php": "f70ae0fb322ffb1701b57b513ed85f2d90c9bafb704501dc59a8d75b77f8d157",
    "src/addons/Wutime/AddonLog/opt/homebrew/var/www/xf-current/cmd.php": "bfb376075435890c11a1e8bc88357d51c60df4b2ac69efda52357ce707ddf52b",
    "src/addons/Wutime/AddonLog/Option/AddonThreadAction.php": "d6e1a0204694d863800eaf6a1771c5cc0fc66d2300b16e1d4309b36be500af47",
    "src/addons/Wutime/AddonLog/Option/IgnoreAddOns.php": "27bd3fd15605c564295f02a766bf0ebf0fc8dbe7defc138836eb71ea1dff3a90",
    "src/addons/Wutime/AddonLog/Pub/Controller/Updates.php": "34f9f1436e15d373df46875e7b5e27bdddc6763b0b4270e18959f98e1c82f050",
    "src/addons/Wutime/AddonLog/README.md": "d817700c4330ba0b9d7d698a9ffd679ce04ee0836ec604ca1b3756959008af86",
    "src/addons/Wutime/AddonLog/Repository/Log.php": "e516cc4b832adde8e9bf122942e2b9416600a34e748590876258a8eed3384d94",
    "src/addons/Wutime/AddonLog/Setup.php": "439a2aa0e354e000dacf87a3172aa4d498d97ef8c05f13bec7a34d14bdbece21",
    "src/addons/Wutime/AddonLog/_data/activity_summary_definitions.xml": "99d8c2563a31320d66f958fc8bda78613545f5f7959bb3cf5318805e3a3c39d2",
    "src/addons/Wutime/AddonLog/_data/admin_navigation.xml": "2789b593e84f674f345e10c83a4b82bada31be83c80666b583a8429b583312fd",
    "src/addons/Wutime/AddonLog/_data/admin_permission.xml": "ec6fb97cebf0bceb24f1ed1d5778c1db54eeb7535fbb3e31d824840e7aa9ff87",
    "src/addons/Wutime/AddonLog/_data/advertising_positions.xml": "d2f7cbe844bb1df3cf878d22ff6306249245c8ff6b0b87b9b729744bec538261",
    "src/addons/Wutime/AddonLog/_data/api_scopes.xml": "6793eaf758f140e8137187ba20e65f4faccf53410433ae3ad7a8b3b38cb6b3b7",
    "src/addons/Wutime/AddonLog/_data/bb_codes.xml": "faa4ddd5f4a365e5ac39aebdcbe2d25aedf74e7eb9ea4a812766e2fd5e13bdb1",
    "src/addons/Wutime/AddonLog/_data/bb_code_media_sites.xml": "29762987990187b33e43cfb68c08dc917b2d3f0176613d78f8e6c453f82da3f3",
    "src/addons/Wutime/AddonLog/_data/class_extensions.xml": "1f548b8006e9952a3f5889f71e09fdfa6726ac1a47c1af7b2626d1a88920d5a4",
    "src/addons/Wutime/AddonLog/_data/code_events.xml": "8370dec3df47f91df4cf79da253446ad11b29f4ea568fe76c774e97a0379f0eb",
    "src/addons/Wutime/AddonLog/_data/code_event_listeners.xml": "14fa9610be82f6a9c82e14480826854d17c285d2610d3052036e373d9b65bdaf",
    "src/addons/Wutime/AddonLog/_data/content_type_fields.xml": "c7ad5472b28f465b7ac7617627707eba1b7a39d28089460d52e1ed292fc0b06a",
    "src/addons/Wutime/AddonLog/_data/cron.xml": "323c4284742ef24329cd6db6f288eb9736d2353f36852e1db12591e1583aea26",
    "src/addons/Wutime/AddonLog/_data/help_pages.xml": "a8a0c0b06cdc550438bc8a8d385af3e1e5ab3459877dfb934c1c31be59c89163",
    "src/addons/Wutime/AddonLog/_data/member_stats.xml": "89fb2b93ff1eca7a1f6f752248edf6090dfd24037db1446fd18ff7143f08124d",
    "src/addons/Wutime/AddonLog/_data/navigation.xml": "f75e1c03a45a360bbdfcd0567121665082315068475d5b0feb8b1acbb1688651",
    "src/addons/Wutime/AddonLog/_data/options.xml": "759a5892a40bb5796ded2f34bd64308a5fdecf625d3668f6db40d3488e63e489",
    "src/addons/Wutime/AddonLog/_data/option_groups.xml": "0d501a38f467ece652233fc5271dc2b89a632c877330c7b40cb65a84e685f024",
    "src/addons/Wutime/AddonLog/_data/permissions.xml": "cf164323230c903207cf68f3e38341502ce069f8e860eea263de25bfad7948ef",
    "src/addons/Wutime/AddonLog/_data/permission_interface_groups.xml": "3177224e96458b829aa7fb24866dda9e0455a4922aee3d669b53f59a1ffdf5d1",
    "src/addons/Wutime/AddonLog/_data/phrases.xml": "49257631d0dd817080b67a6778e5a69a9d8df34a2d1e9a9491d791cd33c30f5e",
    "src/addons/Wutime/AddonLog/_data/routes.xml": "9bfaf313f97c657de6d646fc75b28f275fe6d0d4502c6d59047ccccc21899833",
    "src/addons/Wutime/AddonLog/_data/style_properties.xml": "8b8690a8512f01f219dd2da76e3d0c5f62afc1f317b87794a7331c859c36a7a8",
    "src/addons/Wutime/AddonLog/_data/style_property_groups.xml": "68e1879cb3846c42d978487aa8d5145ff3335fc39e58016878824d5cf3fd684c",
    "src/addons/Wutime/AddonLog/_data/templates.xml": "6661f9e87448daee8e446c1b84faa030bc7ffe2c1691103ea3ba96e42de5d7d5",
    "src/addons/Wutime/AddonLog/_data/template_modifications.xml": "0304013c92da13e645ab0a5728d1cad56abc6927ef3427b0a1a5944ae8e3be71",
    "src/addons/Wutime/AddonLog/_data/widget_definitions.xml": "37e46965256430f24004c2e7f08ba08f9b0d1cbcc4d70e84b3f4e3ffb713e64b",
    "src/addons/Wutime/AddonLog/_data/widget_positions.xml": "a29cee66134f6bc5d75ed9df1eef21096c24401915c5b5c774389c3d7bb2d5b3"
}