<?xml version="1.0" encoding="utf-8"?>
<templates>
  <template type="admin" title="wual_option_template_addonThreadAction" version_id="1000270" version_string="1.0.2"><![CDATA[<xf:radiorow name="{$inputName}[action]" value="{{ $option.option_value.action|default('none') }}"
    label="{$option.title}" hint="{$hintHtml}" explain="{$explainHtml}"
    html="{$listedHtml}" rowclass="{$rowClass}">

    <xf:option value="none" label="{{ phrase('silence_is_golden') }}" />

    <xf:option value="thread" label="{{ phrase('wual_post_addon_update_to_forum') }}">
        <xf:dependent>
            <xf:select name="{$inputName}[node_id]" value="{{ $option.option_value.node_id|default(0) }}">
                <xf:option value="0">&nbsp;</xf:option>
                <xf:foreach loop="$nodeTree.getFlattened()" value="$treeEntry">
                    <xf:option value="{$treeEntry.record.node_id}" disabled="{{ $treeEntry.record.node_type_id != 'Forum' }}">
                        {{ repeat('--', $treeEntry.depth) }} {$treeEntry.record.title}
                    </xf:option>
                </xf:foreach>
                <xf:options source="$formatParams" />
            </xf:select>

            <div class="block block-row">
                <div class="formRow-label">{{ phrase('wual_events_to_post') }}</div>
                <p class="formRow-explain">{{ phrase('wual_events_to_post_explain') }}</p>

				<xf:hiddenval name="{$inputName}[events][install]" value="0" />
				<xf:hiddenval name="{$inputName}[events][upgrade]" value="0" />
				<xf:hiddenval name="{$inputName}[events][uninstall]" value="0" />
				<xf:hiddenval name="{$inputName}[events][rebuild]" value="0" />


                <xf:checkbox>
                    <xf:option name="{$inputName}[events][install]" value="1"
                        selected="{{ $option.option_value.events.install|default($option.default_value.events.install) }}"
                        label="{{ phrase('install') }}" />
                    <xf:option name="{$inputName}[events][upgrade]" value="1"
                        selected="{{ $option.option_value.events.upgrade|default($option.default_value.events.upgrade) }}"
                        label="{{ phrase('upgrade') }}" />
                    <xf:option name="{$inputName}[events][uninstall]" value="1"
                        selected="{{ $option.option_value.events.uninstall|default($option.default_value.events.uninstall) }}"
                        label="{{ phrase('uninstall') }}" />
                    <xf:option name="{$inputName}[events][rebuild]" value="1"
                        selected="{{ $option.option_value.events.rebuild|default($option.default_value.events.rebuild) }}"
                        label="{{ phrase('rebuild') }}" />
                </xf:checkbox>
            </div>

            <div class="block block-row">
                <div class="formRow-label">{{ phrase('wual_ignore_addons') }}</div>

                <xf:textarea name="{$inputName}[threadIgnoreAddons]"
                    label="{{ phrase('wual_thread_ignore_addons') }}"
                    hint="{{ phrase('wual_thread_ignore_addons_hint') }}"
                    value="{{ $option.option_value.threadIgnoreAddons|default($option.default_value.threadIgnoreAddons) }}"
                     />

                <div class="formRow-explain">
                    {{ phrase('option_explain.wualIgnoreAddOns') }}
                </div>
            </div>
        </xf:dependent>
    </xf:option>
</xf:radiorow>]]></template>
  <template type="admin" title="wutime_addonlog_log_list" version_id="1000000" version_string="1.0.0"><![CDATA[<xf:title>{{ phrase('wutime_addonlog_logs') }}</xf:title>
<xf:page option="wutime_addonlog_logs" />

<xf:macro name="log_row" arg-log="!">
    <tr class="dataList-row">
        <td class="dataList-cell">{{ $log.addon_id }}</td>
        <td class="dataList-cell">{{ $log.title }}</td>
        <td class="dataList-cell">
            <xf:if is="$log.type == 'install'">
                {{ phrase('install') }}
            <xf:elseif is="$log.type == 'upgrade'" />
                {{ phrase('upgrade') }}
            <xf:elseif is="$log.type == 'uninstall'" /> 
                {{ phrase('uninstall') }}
            <xf:elseif is="$log.type == 'enable'" />
                {{ phrase('enable') }}
            <xf:elseif is="$log.type == 'disable'" />
                {{ phrase('disable') }}
            <xf:else />
                {{ $log.type }}
            </xf:if>
        </td>
        <td class="dataList-cell"><xf:date time="{$log.log_date}" /></td>
        <td class="dataList-cell">
            <xf:if is="$log.User">
                <a href="{{ link('users/edit', $log.User) }}">{{ $log.User.username }}</a>
            <xf:else />
                {{ phrase('guest') }}
            </xf:if>
        </td>
    </tr>
</xf:macro>

<xf:css>
.dataList-cell { padding: 5px 10px; }
</xf:css>

<div class="block">
    <div class="block-container">
        <div class="block-body">
            <xf:datalist data-xf-init="responsive-data-list">
                <tr class="dataList-row dataList-row--header">
                    <th class="dataList-cell">Add-on ID</th>
                    <th class="dataList-cell">Title</th>
                    <th class="dataList-cell">Type</th>
                    <th class="dataList-cell">Date</th>
                    <th class="dataList-cell">User</th>
                </tr>
                <xf:foreach loop="$logs" value="$log">
                    <xf:macro name="log_row" arg-log="{$log}" />
                </xf:foreach>
            </xf:datalist>
        </div>
    </div>
</div>]]></template>
  <template type="public" title="wual_addon_updates" version_id="1000270" version_string="1.0.2"><![CDATA[<xf:title>{{ phrase('wual_addon_updates') }}</xf:title>

<xf:form action="{{ link('addon-updates') }}" class="block" id="wualUpdatesForm">
    <div class="block">
        <div class="block-container">
            <div class="block-footer block-footer--split">
                <xf:pagenav page="{$page}" perpage="{$perPage}" total="{$total}" link="addon-updates" params="{$linkParams}" />
                <span class="block-footer-controls" style="display:flex;align-items:center;gap:8px;">
                    {{ phrase('type:') }}
                    <xf:select name="type" value="{$type}">
                        <xf:option value="">{{ phrase('all') }}</xf:option>
                        <xf:option value="install">{{ phrase('install') }}</xf:option>
                        <xf:option value="upgrade">{{ phrase('upgrade') }}</xf:option>
                        <xf:option value="uninstall">{{ phrase('uninstall') }}</xf:option>
                        <xf:option value="rebuild">{{ phrase('rebuild') }}</xf:option>
                    </xf:select>
                    <xf:button type="submit" icon="search">{{ phrase('search') }}</xf:button>
                </span>
            </div>
        </div>
    </div>

    <xf:if is="!$logs.count()">
        <div class="blockMessage">{{ phrase('no_results_found') }}</div>
    <xf:else />
        <div class="block-container">
            <div class="block-body">
                <xf:datalist data-xf-init="responsive-data-list">
                    <xf:datarow rowtype="header">
						<xf:cell>{{ phrase('icon') }}</xf:cell>
                        <xf:cell>{{ phrase('title') }}</xf:cell>
                        <xf:cell>{{ phrase('type') }}</xf:cell>
                        <xf:cell>{{ phrase('wual_new_version') }}</xf:cell>
                        <xf:cell>{{ phrase('wual_previous_version') }}</xf:cell>
                        <xf:cell>{{ phrase('date') }}</xf:cell>
                        <xf:cell>{{ phrase('user') }}</xf:cell>
                    </xf:datarow>

                    <xf:foreach loop="$logs" value="$log">
                        <xf:datarow>
							<xf:cell class="dataList-cell dataList-cell--icon">
								<xf:if is="{$addonFa.{$log.addon_id}|default(false)}">
									<xf:fa icon="{$addonFa.{$log.addon_id}.icon} fa-4x" type="{$addonFa.{$log.addon_id}.type}" />
								<xf:elseif is="{$addonImgHtml.{$log.addon_id}|default(false)}" />
									{$addonImgHtml.{$log.addon_id}|raw}
								</xf:if>
							</xf:cell>
							<xf:cell>{$log.title}</xf:cell>
                            <xf:cell>{$log.type}</xf:cell>
                            <xf:cell>{$log.version_string}</xf:cell>
                            <xf:cell>{$log.version_string_prior}</xf:cell>
							<xf:cell><xf:date time="{{ $log.log_date }}" /></xf:cell>
                            <xf:cell>
                                <xf:avatar user="{$log.User}" size="s" notooltip="true" />
                            </xf:cell>
                        </xf:datarow>
                    </xf:foreach>
                </xf:datalist>
            </div>
        </div>
    </xf:if>

    <xf:pagenav page="{$page}" perpage="{$perPage}" total="{$total}" link="addon-updates" params="{$linkParams}" />
</xf:form>]]></template>
</templates>
